"   ";"CODIGO_UNICO";"COD_SNIP";"TIP_ADIC_DEDUC";"NRO_ADICIONAL";"POR_APROBADO";"MTO_APROBADO";"DOCUMENTO_APROBACION";"DES_CAUSAL"
"1";"2057906";"3271";"ADICIONAL CON DEDUCTIVO VINCULANTE";"1";"0,35";"1190523,51";"https://ofi5.mef.gob.pe/invierte/general/downloadArchivo?idArchivo=173b8f23-f38d-4265-b075-5fa5f34e34ff.pdf";"SITUACIONES IMPREVISIBLES POSTERIORES AL PERFECCIONAMIENTO DEL CONTRATO"
"2";"2158700";"108630";"ADICIONAL CON DEDUCTIVO VINCULANTE";"2";"0";"0";"https://ofi5.mef.gob.pe/invierte/general/downloadArchivo?idArchivo=e1106c1c-1b09-4998-8017-7293d3106d31.pdf";"SITUACIONES IMPREVISIBLES POSTERIORES AL PERFECCIONAMIENTO DEL CONTRATO"
"3";"2158700";"108630";"ADICIONAL CON DEDUCTIVO VINCULANTE";"3";"7,35";"6834922,47";"https://ofi5.mef.gob.pe/invierte/general/downloadArchivo?idArchivo=7af24ebe-1098-40d0-a6e0-45960a6836df.pdf";"SITUACIONES IMPREVISIBLES POSTERIORES AL PERFECCIONAMIENTO DEL CONTRATO"
"4";"2158700";"108630";"ADICIONAL CON DEDUCTIVO VINCULANTE";"4";"0";"0";"https://ofi5.mef.gob.pe/invierte/general/downloadArchivo?idArchivo=39504b47-7026-4adc-a695-ef5c62c423fd.pdf";"SITUACIONES IMPREVISIBLES POSTERIORES AL PERFECCIONAMIENTO DEL CONTRATO"
"5";"2158700";"108630";"ADICIONAL CON DEDUCTIVO VINCULANTE";"5";"0";"0";"https://ofi5.mef.gob.pe/invierte/general/downloadArchivo?idArchivo=1fbe7042-172d-4ce8-a98e-cea8936a6c22.pdf";"SITUACIONES IMPREVISIBLES POSTERIORES AL PERFECCIONAMIENTO DEL CONTRATO"
"6";"2158700";"108630";"ADICIONAL CON DEDUCTIVO VINCULANTE";"6";"10,67";"3082033,56";"https://ofi5.mef.gob.pe/invierte/general/downloadArchivo?idArchivo=24a737ba-fa63-4269-94f4-6a1de394abd0.pdf";"SITUACIONES IMPREVISIBLES POSTERIORES AL PERFECCIONAMIENTO DEL CONTRATO"
"7";"2158700";"108630";"ADICIONAL CON DEDUCTIVO VINCULANTE";"7";"0";"0";"https://ofi5.mef.gob.pe/invierte/general/downloadArchivo?idArchivo=bded2f4a-2ebb-449f-869a-ca97f6b56a89.pdf";"SITUACIONES IMPREVISIBLES POSTERIORES AL PERFECCIONAMIENTO DEL CONTRATO"
"8";"2158700";"108630";"ADICIONAL CON DEDUCTIVO VINCULANTE";"9";"11,71";"804009,27";"https://ofi5.mef.gob.pe/invierte/general/downloadArchivo?idArchivo=5f9663c3-6ef9-4e3f-8247-ae5fc3503cce.pdf";"SITUACIONES IMPREVISIBLES POSTERIORES AL PERFECCIONAMIENTO DEL CONTRATO"
"9";"2158700";"108630";"ADICIONAL CON DEDUCTIVO VINCULANTE";"10";"0";"0";"https://ofi5.mef.gob.pe/invierte/general/downloadArchivo?idArchivo=8f9ae882-35bd-40bb-bd3c-c30bcceb513a.pdf";"SITUACIONES IMPREVISIBLES POSTERIORES AL PERFECCIONAMIENTO DEL CONTRATO"
"10";"2158700";"108630";"ADICIONAL CON DEDUCTIVO VINCULANTE";"11";"12,78";"995740,02";"https://ofi5.mef.gob.pe/invierte/general/downloadArchivo?idArchivo=42eab7d0-501e-4905-8ca0-ff437a960060.pdf";"SITUACIONES IMPREVISIBLES POSTERIORES AL PERFECCIONAMIENTO DEL CONTRATO"
"11";"2158700";"108630";"ADICIONAL DE OBRA";"1";"0";"0";"https://ofi5.mef.gob.pe/invierte/general/downloadArchivo?idArchivo=3199ebc4-11aa-442d-a11b-e910eb066efd.pdf";"SITUACIONES IMPREVISIBLES POSTERIORES AL PERFECCIONAMIENTO DEL CONTRATO"
"12";"2177209";"9615";"ADICIONAL DE OBRA";"1";"0,39";"3991018,25";"https://ofi5.mef.gob.pe/invierte/general/downloadArchivo?idArchivo=41e25301-f0c4-4437-8ec7-70de3a67ce51.pdf";"POR DEFICIENCIAS EN EL EXPEDIENTE T�CNICO"
"13";"2177209";"9615";"DEDUCTIVO";"1";"0,15";"1557391,05";"https://ofi5.mef.gob.pe/invierte/general/downloadArchivo?idArchivo=4b23cf70-d070-49ea-8ebc-a21d69b1e52c.pdf";"POR DEFICIENCIAS EN EL EXPEDIENTE T�CNICO"
"14";"2088797";"72534";"";"";"";"";"";""
"15";"2015918";"1249";"";"";"";"";"";""
"16";"2022937";"3291";"";"";"";"";"";""
"17";"2078371";"4808";"";"";"";"";"";""
"18";"2159229";"179293";"";"";"";"";"";""
"19";"2063008";"79641";"";"";"";"";"";""
"20";"2029683";"3527";"";"";"";"";"";""
"21";"2022258";"12685";"";"";"";"";"";""
"22";"2186912";"251575";"";"";"";"";"";""
"23";"2166595";"2860";"";"";"";"";"";""
"24";"2111321";"69122";"";"";"";"";"";""
"25";"2026654";"17234";"";"";"";"";"";""
"26";"2079274";"76288";"";"";"";"";"";""
"27";"2164080";"231868";"";"";"";"";"";""
"28";"2106687";"58358";"";"";"";"";"";""
"29";"2018301";"2015";"";"";"";"";"";""
"30";"2130855";"133630";"";"";"";"";"";""
"31";"2606589";"2606589";"";"";"";"";"";""
"32";"2115734";"33141";"";"";"";"";"";""
"33";"2081007";"68120";"";"";"";"";"";""
"34";"2027711";"3876";"";"";"";"";"";""
"35";"2078218";"72056";"";"";"";"";"";""
"36";"2026767";"16256";"";"";"";"";"";""
"37";"2159402";"73078";"";"";"";"";"";""
"38";"2080694";"77545";"";"";"";"";"";""
"39";"2167707";"164009";"";"";"";"";"";""
"40";"2078482";"65891";"";"";"";"";"";""
"41";"2078658";"70702";"";"";"";"";"";""
"42";"2066003";"61210";"";"";"";"";"";""
"43";"2167895";"8669";"";"";"";"";"";""
"44";"2030345";"4384";"";"";"";"";"";""
"45";"2078036";"93142";"";"";"";"";"";""
"46";"2002604";"3286";"";"";"";"";"";""
"47";"2088142";"30941";"";"";"";"";"";""
"48";"2160111";"189634";"";"";"";"";"";""
"49";"2088774";"34470";"";"";"";"";"";""
"50";"2090895";"9506";"";"";"";"";"";""
"51";"2178748";"261866";"";"";"";"";"";""
"52";"2090887";"3880";"";"";"";"";"";""
"53";"2088781";"57894";"";"";"";"";"";""
"54";"2172796";"33407";"";"";"";"";"";""
"55";"2145817";"97537";"";"";"";"";"";""
"56";"2172848";"244834";"";"";"";"";"";""
"57";"2077939";"43531";"";"";"";"";"";""
"58";"2173969";"216587";"";"";"";"";"";""
"59";"2179050";"258061";"";"";"";"";"";""
"60";"2166997";"238637";"";"";"";"";"";""
"61";"2165166";"240061";"";"";"";"";"";""
"62";"2114066";"66496";"";"";"";"";"";""
"63";"2089594";"94220";"";"";"";"";"";""
"64";"2111479";"83080";"";"";"";"";"";""
"65";"2018964";"4820";"";"";"";"";"";""
"66";"2187911";"264337";"";"";"";"";"";""
"67";"2172955";"147276";"";"";"";"";"";""
"68";"2046177";"50669";"";"";"";"";"";""
"69";"2028946";"26684";"";"";"";"";"";""
"70";"2056395";"50148";"";"";"";"";"";""
"71";"2171117";"249489";"";"";"";"";"";""
"72";"2177400";"140673";"";"";"";"";"";""
"73";"2077997";"90449";"";"";"";"";"";""
"74";"2002210";"8880";"";"";"";"";"";""
"75";"2110581";"11432";"";"";"";"";"";""
"76";"2183937";"213212";"";"";"";"";"";""
"77";"2031000";"14583";"";"";"";"";"";""
"78";"2002060";"2434";"";"";"";"";"";""
"79";"2151333";"78139";"";"";"";"";"";""
"80";"2042771";"13558";"";"";"";"";"";""
"81";"2178454";"249565";"";"";"";"";"";""
"82";"2042345";"3503";"";"";"";"";"";""
"83";"2166858";"10703";"";"";"";"";"";""
"84";"2089761";"70107";"";"";"";"";"";""
"85";"2186943";"276848";"";"";"";"";"";""
"86";"2157301";"95555";"";"";"";"";"";""
"87";"2171369";"208856";"";"";"";"";"";""
"88";"2186942";"276849";"";"";"";"";"";""
"89";"2031820";"4861";"";"";"";"";"";""
"90";"2016958";"3856";"";"";"";"";"";""
"91";"2090825";"19430";"";"";"";"";"";""
"92";"2146061";"107125";"";"";"";"";"";""
"93";"2078608";"73004";"";"";"";"";"";""
"94";"2055915";"51611";"";"";"";"";"";""
"95";"2078220";"91427";"";"";"";"";"";""
"96";"2148795";"104575";"";"";"";"";"";""
"97";"2164798";"227531";"";"";"";"";"";""
"98";"2063555";"71806";"";"";"";"";"";""
"99";"2058733";"3272";"";"";"";"";"";""
"100";"2186722";"269264";"";"";"";"";"";""
"101";"2081615";"87486";"";"";"";"";"";""
"102";"2078503";"90900";"";"";"";"";"";""
"103";"2094808";"70876";"";"";"";"";"";""
"104";"2084815";"74176";"";"";"";"";"";""
"105";"2160770";"113652";"";"";"";"";"";""
"106";"2058698";"10447";"";"";"";"";"";""
"107";"2078076";"90949";"";"";"";"";"";""
"108";"2131661";"10312";"";"";"";"";"";""
"109";"2184659";"113215";"";"";"";"";"";""
"110";"2173121";"103730";"";"";"";"";"";""
"111";"2022221";"6655";"";"";"";"";"";""
"112";"2161774";"102124";"";"";"";"";"";""
"113";"2131925";"3368";"";"";"";"";"";""
"114";"2164051";"184530";"";"";"";"";"";""
"115";"2183907";"268462";"";"";"";"";"";""
"116";"2062374";"57858";"";"";"";"";"";""
"117";"2161813";"216050";"";"";"";"";"";""
"118";"2114085";"82257";"";"";"";"";"";""
"119";"2167519";"47536";"";"";"";"";"";""
"120";"2148430";"149150";"";"";"";"";"";""
"121";"2134881";"116092";"";"";"";"";"";""
"122";"2133013";"1271";"";"";"";"";"";""
"123";"2017384";"3089";"";"";"";"";"";""
"124";"2088779";"58330";"";"";"";"";"";""
"125";"2063067";"66253";"";"";"";"";"";""
"126";"2167708";"171804";"";"";"";"";"";""
"127";"2163489";"216434";"";"";"";"";"";""
"128";"2055912";"48115";"";"";"";"";"";""
"129";"2112642";"97188";"";"";"";"";"";""
"130";"2060618";"48447";"";"";"";"";"";""
"131";"2160319";"173538";"";"";"";"";"";""
"132";"2028339";"4653";"";"";"";"";"";""
"133";"2055260";"10481";"";"";"";"";"";""
"134";"2031797";"2941";"";"";"";"";"";""
"135";"2167715";"172181";"";"";"";"";"";""
"136";"2114103";"136285";"";"";"";"";"";""
"137";"2110841";"110673";"";"";"";"";"";""
"138";"2042181";"33303";"";"";"";"";"";""
"139";"2110320";"3373";"";"";"";"";"";""
"140";"2055893";"48520";"";"";"";"";"";""
"141";"2094971";"32006";"";"";"";"";"";""
