"   ";"N_ID_CONTRATO";"N_ID_ORGAN";"ENTIDADCONTRATANTE";"FECHA_VIGENCIA_INI";"FECHA_VIGENCIA_FIN"
"1";"2032335";"48264";"PROYECTO ESPECIAL PARA LA PREPARACION Y DESARROLLO DE LOS XVIII JUEGOS PANAMERICANOS DEL 2019";"22/12/2020";"23/09/2021"
"2";"2135603";"2383";"SERVICIO DE AGUA POTABLE Y ALCANTARILLADO DE LIMA - SEDAPAL";"31/08/2022";"27/02/2023"
"3";"2139521";"2383";"SERVICIO DE AGUA POTABLE Y ALCANTARILLADO DE LIMA - SEDAPAL";"06/09/2022";"20/12/2022"
"4";"2036286";"2383";"SERVICIO DE AGUA POTABLE Y ALCANTARILLADO DE LIMA - SEDAPAL";"04/01/2021";"15/05/2021"
"5";"2036314";"2383";"SERVICIO DE AGUA POTABLE Y ALCANTARILLADO DE LIMA - SEDAPAL";"04/01/2021";"02/08/2021"
"6";"2036277";"2383";"SERVICIO DE AGUA POTABLE Y ALCANTARILLADO DE LIMA - SEDAPAL";"04/01/2021";"01/06/2021"
"7";"2033398";"206330";"AUTORIDAD DE TRANSPORTE URBANO PARA LIMA Y CALLAO";"24/09/2020";"24/02/2021"
"8";"2058738";"206330";"AUTORIDAD DE TRANSPORTE URBANO PARA LIMA Y CALLAO";"12/02/2021";"30/08/2021"
"9";"2063590";"206330";"AUTORIDAD DE TRANSPORTE URBANO PARA LIMA Y CALLAO";"19/06/2021";"15/12/2021"
"10";"2069043";"206330";"AUTORIDAD DE TRANSPORTE URBANO PARA LIMA Y CALLAO";"02/08/2021";"25/11/2021"
"11";"2069052";"206330";"AUTORIDAD DE TRANSPORTE URBANO PARA LIMA Y CALLAO";"19/07/2021";"25/11/2021"
"12";"2029810";"206330";"AUTORIDAD DE TRANSPORTE URBANO PARA LIMA Y CALLAO";"31/10/2020";"31/12/2021"
"13";"2071276";"206330";"AUTORIDAD DE TRANSPORTE URBANO PARA LIMA Y CALLAO";"21/07/2021";"12/12/2021"
"14";"2156132";"206330";"AUTORIDAD DE TRANSPORTE URBANO PARA LIMA Y CALLAO";"25/11/2022";"20/02/2023"
"15";"2038742";"206330";"AUTORIDAD DE TRANSPORTE URBANO PARA LIMA Y CALLAO";"10/12/2020";"10/07/2021"
"16";"2014296";"17";"MINISTERIO DE JUSTICIA Y DERECHOS HUMANOS";"13/10/2020";"13/01/2021"
"17";"2045963";"24";"MINISTERIO DE TRANSPORTES Y COMUNICACIONES";"15/03/2021";"14/11/2025"
"18";"2076594";"24";"MINISTERIO DE TRANSPORTES Y COMUNICACIONES";"23/08/2021";"22/04/2027"
"19";"2017721";"32";"GOBIERNO REGIONAL DE AMAZONAS SEDE CENTRAL";"07/11/2020";"30/04/2022"
"20";"2044722";"32";"GOBIERNO REGIONAL DE AMAZONAS SEDE CENTRAL";"16/03/2021";"06/10/2022"
"21";"2022593";"34";"GOBIERNO REGIONAL DE AREQUIPA Sede Central";"19/11/2020";"20/01/2021"
"22";"2073447";"34";"GOBIERNO REGIONAL DE AREQUIPA Sede Central";"08/09/2021";"02/03/2023"
"23";"2174502";"34";"GOBIERNO REGIONAL DE AREQUIPA Sede Central";"20/10/2017";"14/03/2019"
"24";"2038104";"34";"GOBIERNO REGIONAL DE AREQUIPA Sede Central";"22/01/2021";"12/04/2021"
"25";"2108440";"34";"GOBIERNO REGIONAL DE AREQUIPA Sede Central";"18/04/2022";"11/12/2023"
"26";"2000154";"34";"GOBIERNO REGIONAL DE AREQUIPA Sede Central";"09/09/2020";"24/01/2021"
"27";"2071371";"35";"GOBIERNO REGIONAL DE AYACUCHO SEDE CENTRAL";"20/08/2021";"15/02/2022"
"28";"2060462";"35";"GOBIERNO REGIONAL DE AYACUCHO SEDE CENTRAL";"26/07/2021";"24/10/2021"
"29";"2142572";"35";"GOBIERNO REGIONAL DE AYACUCHO SEDE CENTRAL";"15/09/2022";"15/12/2022"
"30";"2110390";"39";"GOBIERNO REGIONAL DE HUANCAVELICA Sede Central";"18/03/2022";"10/06/2023"
"31";"2096798";"39";"GOBIERNO REGIONAL DE HUANCAVELICA Sede Central";"07/01/2022";"01/04/2023"
"32";"2082955";"39";"GOBIERNO REGIONAL DE HUANCAVELICA Sede Central";"09/11/2021";"03/11/2022"
"33";"2082796";"39";"GOBIERNO REGIONAL DE HUANCAVELICA Sede Central";"30/10/2021";"24/10/2022"
"34";"2018271";"40";"GOBIERNO REGIONAL DE HUANUCO SEDE CENTRAL";"04/11/2020";"25/08/2021"
"35";"2152233";"41";"GOBIERNO REGIONAL DE JUNIN SEDE CENTRAL";"09/11/2022";"02/01/2024"
"36";"2164265";"41";"GOBIERNO REGIONAL DE JUNIN SEDE CENTRAL";"24/12/2022";"16/04/2024"
"37";"2059440";"41";"GOBIERNO REGIONAL DE JUNIN SEDE CENTRAL";"10/06/2021";"09/08/2021"
"38";"2173901";"47";"GOBIERNO REGIONAL DE PASCO SEDE CENTRAL";"13/03/2023";"11/07/2023"
"39";"2012416";"47";"GOBIERNO REGIONAL DE PASCO SEDE CENTRAL";"17/10/2020";"30/11/2021"
"40";"2017003";"47";"GOBIERNO REGIONAL DE PASCO SEDE CENTRAL";"22/10/2020";"22/02/2021"
"41";"2200980";"47";"GOBIERNO REGIONAL DE PASCO SEDE CENTRAL";"09/08/2023";"05/01/2024"
"42";"2026271";"47";"GOBIERNO REGIONAL DE PASCO SEDE CENTRAL";"25/11/2020";"26/03/2021"
"43";"2128869";"49";"GOBIERNO REGIONAL DE PUNO SEDE CENTRAL";"01/11/2018";"29/01/2019"
"44";"2029879";"51";"GOBIERNO REGIONAL DE TACNA SEDE CENTRAL";"24/12/2020";"24/12/2021"
"45";"2175066";"52";"GOBIERNO REGIONAL DE TUMBES Sede Central";"31/03/2023";"19/06/2025"
"46";"2038678";"397";"MUNICIPALIDAD PROVINCIAL DE AREQUIPA";"31/12/2020";"13/08/2021"
"47";"2038656";"397";"MUNICIPALIDAD PROVINCIAL DE AREQUIPA";"13/01/2021";"10/08/2021"
"48";"2023243";"10247";"EJERCITO PERUANO";"27/11/2020";"25/04/2021"
"49";"2150802";"10248";"MARINA DE GUERRA DEL PERU";"07/11/2022";"19/05/2023"
"50";"2201544";"10248";"MARINA DE GUERRA DEL PERU";"28/08/2023";"30/10/2023"
"51";"2147552";"10249";"FUERZA AEREA DEL PERU";"13/10/2022";"12/12/2022"
"52";"2149486";"10352";"GOBIERNO REGIONAL DE PIURA - PROYECTO ESPECIAL CHIRA PIURA";"21/10/2022";"20/06/2023"
"53";"2038499";"10352";"GOBIERNO REGIONAL DE PIURA - PROYECTO ESPECIAL CHIRA PIURA";"23/01/2021";"24/05/2021"
"54";"2030828";"10352";"GOBIERNO REGIONAL DE PIURA - PROYECTO ESPECIAL CHIRA PIURA";"18/12/2020";"19/04/2021"
"55";"2142140";"10352";"GOBIERNO REGIONAL DE PIURA - PROYECTO ESPECIAL CHIRA PIURA";"20/09/2022";"20/04/2023"
"56";"2098568";"10352";"GOBIERNO REGIONAL DE PIURA - PROYECTO ESPECIAL CHIRA PIURA";"15/02/2022";"19/07/2022"
"57";"2119129";"10360";"MINAG - PROYECTO ESPECIAL - JAEN - SAN IGNACIO - BAGUA";"11/07/2022";"07/11/2022"
"58";"2158846";"10369";"GOBIERNO REGIONAL DE ICA - PROYECTO ESPECIAL TAMBO CCARACOCHA";"06/12/2022";"05/12/2024"
"59";"2188756";"10369";"GOBIERNO REGIONAL DE ICA - PROYECTO ESPECIAL TAMBO CCARACOCHA";"23/06/2023";"31/07/2025"
"60";"2137526";"10369";"GOBIERNO REGIONAL DE ICA - PROYECTO ESPECIAL TAMBO CCARACOCHA";"26/08/2022";"30/04/2023"
"61";"2127532";"2411";"EMPRESA MUNICIPAL DE MERCADOS S.A.";"30/06/2022";"12/10/2022"
"62";"2000183";"2411";"EMPRESA MUNICIPAL DE MERCADOS S.A.";"25/08/2020";"20/02/2021"
"63";"2130802";"20005";"GOBIERNO REGIONAL DE CALLAO SEDE CENTRAL";"27/11/2018";"27/12/2022"
"64";"2091884";"20005";"GOBIERNO REGIONAL DE CALLAO SEDE CENTRAL";"23/12/2021";"30/12/2022"
"65";"2044147";"20005";"GOBIERNO REGIONAL DE CALLAO SEDE CENTRAL";"17/03/2021";"17/09/2021"
"66";"2016133";"200019";"MTC-PROYECTO ESPECIAL DE INFRAESTRUCTURA DE TRANSPORTE NACIONAL (PROVIAS NACIONAL)";"05/11/2020";"21/12/2020"
"67";"2029415";"200019";"MTC-PROYECTO ESPECIAL DE INFRAESTRUCTURA DE TRANSPORTE NACIONAL (PROVIAS NACIONAL)";"17/12/2020";"05/12/2022"
"68";"2032849";"200019";"MTC-PROYECTO ESPECIAL DE INFRAESTRUCTURA DE TRANSPORTE NACIONAL (PROVIAS NACIONAL)";"19/12/2020";"17/04/2021"
"69";"2058157";"200019";"MTC-PROYECTO ESPECIAL DE INFRAESTRUCTURA DE TRANSPORTE NACIONAL (PROVIAS NACIONAL)";"02/06/2021";"28/12/2021"
"70";"2001228";"200019";"MTC-PROYECTO ESPECIAL DE INFRAESTRUCTURA DE TRANSPORTE NACIONAL (PROVIAS NACIONAL)";"15/09/2020";"15/10/2020"
"71";"2058471";"200019";"MTC-PROYECTO ESPECIAL DE INFRAESTRUCTURA DE TRANSPORTE NACIONAL (PROVIAS NACIONAL)";"18/05/2021";"16/08/2021"
"72";"2046091";"200019";"MTC-PROYECTO ESPECIAL DE INFRAESTRUCTURA DE TRANSPORTE NACIONAL (PROVIAS NACIONAL)";"15/01/2021";"30/05/2021"
"73";"2006761";"200019";"MTC-PROYECTO ESPECIAL DE INFRAESTRUCTURA DE TRANSPORTE NACIONAL (PROVIAS NACIONAL)";"03/10/2020";"30/01/2021"
"74";"2042633";"200019";"MTC-PROYECTO ESPECIAL DE INFRAESTRUCTURA DE TRANSPORTE NACIONAL (PROVIAS NACIONAL)";"25/02/2021";"20/07/2021"
"75";"2079272";"200019";"MTC-PROYECTO ESPECIAL DE INFRAESTRUCTURA DE TRANSPORTE NACIONAL (PROVIAS NACIONAL)";"13/10/2021";"09/06/2022"
"76";"2017167";"200019";"MTC-PROYECTO ESPECIAL DE INFRAESTRUCTURA DE TRANSPORTE NACIONAL (PROVIAS NACIONAL)";"10/11/2020";"30/11/2020"
"77";"2012642";"200019";"MTC-PROYECTO ESPECIAL DE INFRAESTRUCTURA DE TRANSPORTE NACIONAL (PROVIAS NACIONAL)";"25/10/2020";"11/05/2021"
"78";"2161750";"200019";"MTC-PROYECTO ESPECIAL DE INFRAESTRUCTURA DE TRANSPORTE NACIONAL (PROVIAS NACIONAL)";"16/12/2022";"11/10/2023"
"79";"2067605";"200019";"MTC-PROYECTO ESPECIAL DE INFRAESTRUCTURA DE TRANSPORTE NACIONAL (PROVIAS NACIONAL)";"23/07/2021";"04/03/2022"
"80";"2067437";"200019";"MTC-PROYECTO ESPECIAL DE INFRAESTRUCTURA DE TRANSPORTE NACIONAL (PROVIAS NACIONAL)";"24/07/2021";"03/05/2022"
"81";"2098048";"200019";"MTC-PROYECTO ESPECIAL DE INFRAESTRUCTURA DE TRANSPORTE NACIONAL (PROVIAS NACIONAL)";"20/01/2022";"17/10/2022"
"82";"2106247";"200019";"MTC-PROYECTO ESPECIAL DE INFRAESTRUCTURA DE TRANSPORTE NACIONAL (PROVIAS NACIONAL)";"23/03/2022";"10/09/2023"
"83";"2008059";"200019";"MTC-PROYECTO ESPECIAL DE INFRAESTRUCTURA DE TRANSPORTE NACIONAL (PROVIAS NACIONAL)";"07/10/2020";"15/12/2020"
"84";"2050524";"200019";"MTC-PROYECTO ESPECIAL DE INFRAESTRUCTURA DE TRANSPORTE NACIONAL (PROVIAS NACIONAL)";"20/04/2021";"14/01/2022"
"85";"2064311";"200019";"MTC-PROYECTO ESPECIAL DE INFRAESTRUCTURA DE TRANSPORTE NACIONAL (PROVIAS NACIONAL)";"25/06/2021";"21/12/2021"
"86";"2047423";"200019";"MTC-PROYECTO ESPECIAL DE INFRAESTRUCTURA DE TRANSPORTE NACIONAL (PROVIAS NACIONAL)";"20/03/2021";"08/01/2023"
"87";"2037439";"200019";"MTC-PROYECTO ESPECIAL DE INFRAESTRUCTURA DE TRANSPORTE NACIONAL (PROVIAS NACIONAL)";"20/01/2021";"14/01/2022"
"88";"2074791";"200019";"MTC-PROYECTO ESPECIAL DE INFRAESTRUCTURA DE TRANSPORTE NACIONAL (PROVIAS NACIONAL)";"15/09/2021";"03/03/2022"
"89";"2074748";"200019";"MTC-PROYECTO ESPECIAL DE INFRAESTRUCTURA DE TRANSPORTE NACIONAL (PROVIAS NACIONAL)";"10/09/2021";"06/02/2022"
"90";"2169901";"200019";"MTC-PROYECTO ESPECIAL DE INFRAESTRUCTURA DE TRANSPORTE NACIONAL (PROVIAS NACIONAL)";"13/01/2023";"12/04/2023"
"91";"2169938";"200019";"MTC-PROYECTO ESPECIAL DE INFRAESTRUCTURA DE TRANSPORTE NACIONAL (PROVIAS NACIONAL)";"01/02/2023";"01/05/2023"
"92";"2061614";"200025";"PROGRAMA NACIONAL DE SANEAMIENTO URBANO";"17/06/2021";"31/03/2022"
"93";"2069595";"200025";"PROGRAMA NACIONAL DE SANEAMIENTO URBANO";"12/08/2021";"31/12/2021"
"94";"2170813";"200025";"PROGRAMA NACIONAL DE SANEAMIENTO URBANO";"18/02/2023";"14/11/2023"
"95";"2052839";"200025";"PROGRAMA NACIONAL DE SANEAMIENTO URBANO";"01/05/2021";"31/03/2022"
"96";"2065036";"200025";"PROGRAMA NACIONAL DE SANEAMIENTO URBANO";"10/07/2021";"15/04/2022"
"97";"2040081";"200025";"PROGRAMA NACIONAL DE SANEAMIENTO URBANO";"04/02/2021";"06/08/2021"
"98";"2078047";"200025";"PROGRAMA NACIONAL DE SANEAMIENTO URBANO";"08/10/2021";"15/05/2022"
"99";"2028340";"200025";"PROGRAMA NACIONAL DE SANEAMIENTO URBANO";"12/12/2020";"30/07/2021"
"100";"2161653";"200025";"PROGRAMA NACIONAL DE SANEAMIENTO URBANO";"15/12/2022";"30/07/2023"
"101";"2124894";"200025";"PROGRAMA NACIONAL DE SANEAMIENTO URBANO";"21/06/2022";"01/06/2023"
"102";"2062106";"200025";"PROGRAMA NACIONAL DE SANEAMIENTO URBANO";"19/06/2021";"29/04/2022"
"103";"2062192";"200025";"PROGRAMA NACIONAL DE SANEAMIENTO URBANO";"22/06/2021";"31/05/2022"
"104";"2061957";"200025";"PROGRAMA NACIONAL DE SANEAMIENTO URBANO";"05/06/2021";"30/06/2022"
"105";"2037229";"200039";"GOBIERNO REGIONAL DE ANCASH - SUB REGION PACIFICO";"10/12/2020";"08/04/2021"
"106";"2037263";"200039";"GOBIERNO REGIONAL DE ANCASH - SUB REGION PACIFICO";"19/12/2020";"17/04/2021"
"107";"2022915";"1003005396";"UNIDAD EJECUTORA 008:PROYECTOS ESPECIALES DEL PLIEGO 003 - MINISTERIO DE CULTURA";"01/09/2020";"09/04/2021"
"108";"2121350";"200270";"GOBIERNO REGIONAL DE AYACUCHO - PROGRAMA REGIONAL DE IRRIGACION Y DESARROLLO RURAL INTEGRADO";"09/06/2022";"26/08/2022"
"109";"2103149";"200277";"GOBIERNO REGIONAL DE LORETO - ORGANISMO PUBLICO INFRAESTRUCTURA PARA LA PRODUCTIVIDAD";"15/02/2022";"15/07/2022"
"110";"2077976";"200351";"UNIVERSIDAD NACIONAL DE JAEN";"01/10/2021";"30/12/2022"
"111";"2074170";"200351";"UNIVERSIDAD NACIONAL DE JAEN";"04/09/2021";"30/06/2022"
"112";"2074192";"200351";"UNIVERSIDAD NACIONAL DE JAEN";"04/09/2021";"30/06/2022"
"113";"2175865";"200351";"UNIVERSIDAD NACIONAL DE JAEN";"18/03/2023";"31/05/2023"
"114";"2175879";"200351";"UNIVERSIDAD NACIONAL DE JAEN";"22/03/2023";"04/07/2023"
"115";"2071348";"200351";"UNIVERSIDAD NACIONAL DE JAEN";"25/08/2021";"30/11/2022"
"116";"2184981";"200351";"UNIVERSIDAD NACIONAL DE JAEN";"31/05/2023";"15/07/2023"
"117";"2079728";"200351";"UNIVERSIDAD NACIONAL DE JAEN";"16/10/2021";"28/02/2022"
"118";"2076646";"200351";"UNIVERSIDAD NACIONAL DE JAEN";"25/09/2021";"28/02/2022"
"119";"2128027";"40518";"PROGRAMA NACIONAL DE INNOVACION AGRARIA- PNIA";"08/10/2022";"10/10/2022"
"120";"2084411";"40518";"PROGRAMA NACIONAL DE INNOVACION AGRARIA- PNIA";"19/11/2021";"16/02/2022"
"121";"2111244";"137923";"UNIDAD EJECUTORA 125 PROGRAMA NACIONAL DE INVERSIONES EN SALUD";"26/04/2022";"16/11/2023"
"122";"2106156";"137923";"UNIDAD EJECUTORA 125 PROGRAMA NACIONAL DE INVERSIONES EN SALUD";"26/03/2022";"17/08/2023"
